name,web_pages,domains,country,state-province
Thakur College of Engineering and Technology,['https://www.tcetmumbai.in/'],['tcetmumbai.in'],India,Mahārāshtra
Atharva College of Engineering,['https://atharvacoe.ac.in/'],['atharvacoe.ac.in'],India,Mumbai
Bhagwan Parshuram Institute of Technology,['http://bpitindia.ac.in/'],"['bpitindia.edu.in', 'bpitindia.in']",India,Delhi
University of Petroleum and Energy Studies,['https://www.upes.ac.in/'],['upes.ac.in'],India,Dehradun
Ashoka University,['https://www.ashoka.edu.in/'],['ashoka.edu.in'],India,Haryana
Indian Institute of Information Technology Sri City,['https://www.iiits.ac.in/'],['iiits.in'],India,Chittoor
DAV Institute of Engineering & Technology,['http://www.davietjal.org/'],['davietjal.org'],India,Punjab
Lovely Professional University,['http://www.lpu.in/'],['lpu.in'],India,Punjab
Somaiya Vidyavihar,['https://somaiya.edu/'],['somaiya.edu'],India,
NorthCap University,['http://www.ncuindia.edu/'],['ncuindia.edu'],India,Haryana
Dharamsinh Desai University,['http://www.ddu.ac.in/'],['ddu.ac.in'],India,Gujarat
University of Health Sciences Andhra Pradesh,['http://ntruhs.ap.nic.in/'],['ntruhs.ap.nic.in'],India,Andhra Pradesh
"Allahabad Agricultural Institute, Deemed University",['http://www.aaidu.org/'],['aaidu.org'],India,
Assam Agricultural University,['http://www.aau.ac.in/'],['aau.ac.in'],India,Assam
Ahmedabad University,['http://www.ahduni.edu.in/'],['ahduni.edu.in'],India,Gujarat
All India Institute of Medical Sciences,['http://www.aiims.ac.in/'],['aiims.ac.in'],India,
AISECT University,['http://www.aisectuniversity.ac.in/'],['aisectuniversity.ac.in'],India,
Alagappa University,['http://www.alagappauniversity.ac.in/'],['alagappauniversity.ac.in'],India,Tamil Nadu
Allahabad University,['http://www.alldunivpio.org/'],['alldunivpio.org'],India,Uttar Pradesh
Open International University for Alternative Medicines,['http://www.altmeduniversity.com/'],['altmeduniversity.com'],India,
Indian Board of Alternative Medicine,['http://www.altmedworld.net/'],['altmedworld.net'],India,West Bengal
Amity University,['http://www.amity.edu/'],['amity.edu'],India,Uttar Pradesh
Amrita Vishwa Vidyapeetham,['http://www.amrita.edu/'],['amrita.edu'],India,Tamil Nadu
Amravati University,['http://www.amtuni.com/'],['amtuni.com'],India,
Aligarh Muslim University,['http://www.amu.ac.in/'],['amu.ac.in'],India,Uttar Pradesh
Andhra University,['http://www.andhrauniversity.info/'],['andhrauniversity.info'],India,Andhra Pradesh
Acharya Ranga Agricultural University,['http://www.angrau.net/'],['angrau.net'],India,
Annamalai University,['http://www.annamalaiuniversity.ac.in/'],['annamalaiuniversity.ac.in'],India,Tamil Nadu
"Anna University of Technology, Tirunelveli",['http://www.annauniv.edu.in/'],['annauniv.edu.in'],India,Tamil Nadu
Anna University,['http://www.annauniv.edu/'],['annauniv.edu'],India,Tamil Nadu
Awadhesh Pratap Singh University,['http://www.apsurewa.nic.in/'],['apsurewa.nic.in'],India,Madhya Pradesh
ARYA Institute of Engineering & Technology,['http://www.aryainstitutejpr.com/'],['aryainstitutejpr.com'],India,Rajasthan
Assam University,['http://www.assamuniversity.nic.in/'],['assamuniversity.nic.in'],India,Assam
Gujarat Ayurved University,['http://www.ayurveduniversity.com/'],['ayurveduniversity.com'],India,Gujarat
Dr. Babasaheb Ambedkar Marathwada Universtiy,['http://www.bamu.net/'],['bamu.net'],India,
Berhampur University,['http://www.bamu.nic.in/'],['bamu.nic.in'],India,
Banasthali University,['http://www.banasthali.org/'],['banasthali.org'],India,
Bankura University,['http://www.bankurauniv.com/'],['bankurauniv.com'],India,
Birsa Agricultural University,['http://www.bau.nic.in/'],['bau.nic.in'],India,
Babasaheb Bhimrao Ambedkar University,['http://www.bbauindia.org/'],['bbauindia.org'],India,
Bidhan Chandra Agricultural University,['http://www.bckv.edu.in/'],['bckv.edu.in'],India,
Bharathidasan University,['http://www.bdu.ernet.in/'],['bdu.ernet.in'],India,
Bengal Engineering College,['http://www.becs.ac.in/'],['becs.ac.in'],India,West Bengal
Bangalore University,['http://bengaluruuniversity.com/'],['bengaluruuniversity.com'],India,Karnataka
Bhagwant University,['http://www.bhagwantuniversity.com/'],['bhagwantuniversity.com'],India,
Bharathiar University,['http://www.bharathi.ernet.in/'],['bharathi.ernet.in'],India,Tamil Nadu
Bharath Institue Of Higher Education & Research,['http://www.bharathuniv.com/'],['bharathuniv.com'],India,Tamil Nadu
Bharati Vidyapeeth University,['http://www.bharatividyapeeth.edu/'],['bharatividyapeeth.edu'],India,
Bhavnagar University,['http://www.bhavuni.edu/'],['bhavuni.edu'],India,
Banaras Hindu University,['http://www.bhu.ac.in/'],['bhu.ac.in'],India,Uttar Pradesh
Orissa University of Agriculture and Technology,['https://ouat.ac.in/'],['ouat.ac.in'],India,Odisha
"Birla Institute of Technology, Ranchi",['http://bitmesraranchi.org/'],['bitmesraranchi.org'],India,Jharkhand
Birla Institute of Technology and Science,['http://www.bits-pilani.ac.in/'],['bits-pilani.ac.in'],India,Rajasthan
Bhupendra Narayan Mandal University,['http://www.bnmu.in/'],['bnmu.in'],India,
Biju Pattnaik University of Technology,['http://www.bput.org/'],['bput.org'],India,
B. R. Ambedkar Bihar University,['http://www.brabu.net/'],['brabu.net'],India,Bihar
Dr. B.R. Ambedkar Open University,['http://www.braou.ac.in/'],['braou.ac.in'],India,
Dr. B. R. Ambedkar National Institute of Technology Jalandhar,['http://www.nitj.ac.in/'],['nitj.ac.in'],India,
Dr. Bhim Rao Abdekar University,['http://www.brauagra.com/'],['brauagra.com'],India,
B. S. Abdur Rahman University,['http://www.bsauniv.ac.in/'],['bsauniv.ac.in'],India,
Barkatullah University,['http://www.bubhopal.nic.in/'],['bubhopal.nic.in'],India,
VIT Bhopal,['https://vitbhopal.ac.in/'],['vitbhopal.ac.in'],India,Madhya Pradesh
Bundelkhand University,['http://www.bundelkhanduniversity.org/'],['bundelkhanduniversity.org'],India,
University of Burdwan,['http://www.burdwanuniversity.ac.in/'],['burdwanuniversity.ac.in'],India,
University of Calcutta,['http://www.caluniv.ac.in/'],['caluniv.ac.in'],India,West Bengal
Central Agricultural University,['http://www.cau.org.in/'],['cau.org.in'],India,
Chaudhary Charan Singh University,['http://www.ccsuniversity.ac.in/'],['ccsuniversity.ac.in'],India,
Ch. Charan Singh University,['http://www.ccsuniversity.org/'],['ccsuniversity.org'],India,
Center for Entrepreneurship and Small Business Management,['http://www.cesbm.ac.in/'],['cesbm.ac.in'],India,
Christ University,['http://www.christuniversity.in/'],['christuniversity.in'],India,Karnataka
Central Institute of English and Foreign Languages,['http://www.ciefl.org/'],['ciefl.org'],India,
Central Institute of Fisheries Education,['http://www.cife.edu.in/'],['cife.edu.in'],India,
Central Institute of Higher Tibetan Studies,['http://www.cihts.ac.in/'],['cihts.ac.in'],India,
CMJ University,['http://www.cmjuniversity.edu.in/'],['cmjuniversity.edu.in'],India,
Chandra Shekhar Azad University of Agriculture and Technology,['http://www.csauk.ac.in/'],['csauk.ac.in'],India,
Cochin University of Science and Technology,['http://www.cusat.ac.in/'],['cusat.ac.in'],India,Kerala
Dr. C.V. Raman University,['http://www.cvru.ac.in/'],['cvru.ac.in'],India,
Dhirubhai Ambani Institute of Information and Communication Technology,['http://www.da-iict.org/'],['da-iict.org'],India,
Darul Huda Islamic University,['http://www.darulhuda.com/'],['darulhuda.com'],India,
Dav University,['http://www.davuniversity.org/'],['davuniversity.org'],India,
Devi Ahilya University of Indore,['http://www.davv.ac.in/'],['davv.ac.in'],India,
Dr. Babasaheb Ambedkar Technological University,['http://www.dbatechuni.org/'],['dbatechuni.org'],India,
Konkan Agricultural University,['http://www.dbskkv.org/'],['dbskkv.org'],India,
Tamil Nadu Agricultural University,['https://tnau.ac.in/'],['tnau.ac.in'],India,Tamil Nadu
Delhi College of Engineering (DCE),['http://www.dceonline.net/'],['dceonline.net'],India,Delhi
Deen Dayal Upadhyay Gorakhpur University,['http://www.ddugu.edu.in/'],['ddugu.edu.in'],India,
Deccan College Postgraduate and Research Institute,['http://www.deccancollegepune.ac.in/'],['deccancollegepune.ac.in'],India,
COEP Technological University,['https://www.coep.org.in/'],['coeptech.ac.in'],India,
Dayalbagh Educational Institute,['http://www.dei.ac.in/'],['dei.ac.in'],India,
Dibrugarh University,['http://www.dibru.ernet.in/'],['dibru.ernet.in'],India,
Dravidian University,['http://www.dravidianuniversity.ac.in/'],['dravidianuniversity.ac.in'],India,Andhra Pradesh
University of Delhi,['http://www.du.ac.in/'],['du.ac.in'],India,Delhi
Dr. D.Y. Patil University,['http://www.dypatiluniversity.org/'],['dypatiluniversity.org'],India,Maharashtra
Eiilm University,['http://www.eiilmuniversity.ac.in/'],['eiilmuniversity.ac.in'],India,
Fatima Mata National College,['http://www.fatimacollege.net/'],['fatimacollege.net'],India,Kerala
Forest Research Institute Dehradun,['http://fri.icfre.gov.in/'],['fri.icfre.gov.in'],India,Uttarakhand
Govind Ballabh Pant University of Agriculture and Technology,['http://www.gbpuat.ac.in/'],['gbpuat.ac.in'],India,
Guru Ghasidas University,['http://www.ggu.ac.in/'],['ggu.ac.in'],India,
Gokhale Institute of Politics and Economics,['http://www.gipe.ernet.in/'],['gipe.ernet.in'],India,
Gandhi Institute of Technology and Managment,['http://www.gitam.edu/'],['gitam.edu'],India,
Guru Jambeshwar University,['http://www.gju.ernet.in/'],['gju.ernet.in'],India,
Gurukula Kangri University,['http://www.gkvharidwar.org/'],['gkvharidwar.org'],India,
Guru Nanak Dev University,['http://www.gnduonline.org/'],['gnduonline.org'],India,
"Global Open University , Nagaland",['http://www.government.ind.in/'],['government.ind.in'],India,Nagaland
Gujarat Technological University Ahmedabad,['http://www.gtu.ac.in/'],['gtu.ac.in'],India,Gujarat
Gujarat University Ahmedabad,['http://www.gujaratuniversity.org.in/'],['gujaratuniversity.org.in'],India,Gujarat
Gulbarga University,['http://www.gulbargauniversity.kar.nic.in/'],['gulbargauniversity.kar.nic.in'],India,
Gauhati University,['http://www.gu.nic.in/'],['gu.nic.in'],India,
Gurukul University,['http://www.gurukuluniversity.org/'],['gurukuluniversity.org'],India,
CCS Haryana Agricultural University,['http://hau.ernet.in/'],['hau.ernet.in'],India,Haryana
Himachal Pradesh Agricultural University,['http://hillagric.ernet.in/'],['hillagric.ernet.in'],India,Himachal Pradesh
Hemwati Nandan Bahuguna Garhwal University,['http://www.hnbgu.ac.in/'],['hnbgu.ac.in'],India,
"Hidayatullah National Law University, Raipur",['http://www.hnluraipur.com/'],['hnluraipur.com'],India,Chhattisgarh
Sri Ramachardra Medical College and Research Institute,['https://www.sriramachandra.edu.in/'],['sriramachandra.edu.in'],India,
Himachal Pradesh University,['http://hpuniv.nic.in/'],['hpuniv.nic.in'],India,Himachal Pradesh
Indian Agricultural Research Institute,['http://www.iari.ernet.in/'],['iari.ernet.in'],India,
IASE (Institute of Advanced Studies) Deemed University,['http://www.iaseduniv.org/'],['iaseduniv.org'],India,
ICFAI University,['http://www.icfai.org/'],['icfai.org'],India,
"ICFAI University, Dehradun",['https://www.iudehradun.edu.in/'],['iudehradun.edu.in'],India,Dehradun
"ICFAI University, Tripura",['https://www.iutripura.edu.in/'],['iutripura.edu.in'],India,Tripura
"ICFAI University, Sikkim",['https://www.iusikkim.edu.in/'],['iusikkim.edu.in'],India,Sikkim
"ICFAI University, Mizoram",['https://www.iumizoram.edu.in/'],['iumizoram.edu.in'],India,Mizoram
"ICFAI University, Meghalaya",['https://www.iumeghalaya.edu.in/'],['iumeghalaya.edu.in'],India,Meghalaya
"ICFAI University, Jharkhand",['https://www.iujharkhand.edu.in/'],['iujharkhand.edu.in'],India,Jharkhand
"ICFAI University, Nagaland",['https://www.iunagaland.edu.in/'],['iunagaland.edu.in'],India,Nagaland
"ICFAI University, Jaipur",['https://www.iujaipur.edu.in/'],['iujaipur.edu.in'],India,Rajasthan
"ICFAI University, Raipur",['https://www.iuraipur.edu.in/'],['iuraipur.edu.in'],India,Chhattisgarh
"ICFAI University, Himachal Pradesh",['https://www.iuhimachal.edu.in/'],['iuhimachal.edu.in'],India,Himachal Pradesh
"ICFAI University, Hyderabad",['https://www.ifheindia.org/'],['ifheindia.org'],India,Telangana
Indira Gandhi Agricultural University,['http://www.igau.edu.in/'],['igau.edu.in'],India,
Indira Gandhi Institute of Development and Research,['http://www.igidr.ac.in/'],['igidr.ac.in'],India,
Indira Gandhi Institute of Medical Sciences,['http://www.igims.org/'],['igims.org'],India,
Indira Gandhi National Open University,['http://www.ignou.ac.in/'],['ignou.ac.in'],India,
Indian Institute of Information Technology Allahabad,['http://www.iiita.com/'],['iiita.com'],India,Uttar Pradesh
Indian Institute of Information Technology and Management - Kerala,['http://www.iiitmk.ac.in/'],['iiitmk.ac.in'],India,Kerala
"Indraprastha Institute of Information Technology, Delhi",['http://www.iiitd.ac.in/'],['iiitd.ac.in'],India,Delhi
"International Institute of Information Technology, Pune",['https://www.isquareit.edu.in/'],['squareit.edu.in'],India,Maharashtra
"International Institute of Information Technology, Bhubaneswar",['https://www.iiit-bh.ac.in/'],['iiit-bh.ac.in'],India,Odisha
"International Institute of Information Technology, Bangalore",['https://www.iiitb.ac.in/'],['iiitb.ac.in'],India,Karnataka
"Indian Institute of Management, Tiruchirappalli",['http://www.iimtrichy.ac.in/'],['iimtrichy.ac.in'],India,Tamil Nadu
"Indian Institute of Information Technology, Guwahati",['http://www.iimtrichy.ac.in/'],['iiitg.ac.in'],India,Assam
"Indian Institute of Information Technology, Vadodara",['http://iiitvadodara.ac.in/'],['iiitvadodara.ac.in'],India,Gujarat
"Indian Institute of Information Technology, Kota",['http://iiitkota.ac.in/'],['iiitkota.ac.in'],India,Rajasthan
International Institute for Population Sciences,['http://www.iipsindia.org/'],['iipsindia.org'],India,Maharashtra
Indian Institute of Science,"['http://www.iisc.ernet.in/', 'http://iisc.ac.in/']","['iisc.ernet.in', 'iisc.ac.in']",India,Karnataka
"Indian Institute of Technology, Bombay",['http://www.iitb.ac.in/'],['iitb.ac.in'],India,Maharashtra
"Indian Institute of Technology, Delhi","['http://www.iitd.ernet.in/', 'https://home.iitd.ac.in/']","['iitd.ernet.in', 'iitd.ac.in']",India,Delhi
"Indian Institute of Technology, Gandhinagar",['https://iitgn.ac.in/'],['iitgn.ac.in'],India,Gujarat
"Indian Institute of Technology, Guwahati","['http://www.iitg.ernet.in/', 'http://www.iitg.ac.in/']","['iitg.ernet.in', 'iitg.ac.in', 'op.iitg.ac.in', 'rnd.iitg.ac.in']",India,Assam
"Indian Institute of Technology, Hyderabad",['http://www.iith.ac.in/'],['iith.ac.in'],India,Telangana
"Indian Institute of Technology, Kanpur",['http://www.iitk.ac.in/'],['iitk.ac.in'],India,Uttar Pradesh
Indian Institute of Technology (BHU) Varanasi,['https://www.iitbhu.ac.in/'],['iitbhu.ac.in'],India,Uttar Pradesh
"Indian Institute of Technology, Kharagpur","['http://www.iitkgp.ernet.in/', 'http://www.iitkgp.ac.in/']","['iitkgp.ernet.in', 'iitkgp.ac.in']",India,West Bengal
"Indian Institute of Technology, Madras",['http://www.iitm.ac.in/'],['iitm.ac.in'],India,Tamil Nadu
Madras Institute of Technology,['https://www.mitindia.edu/'],['mitindia.edu'],India,Tamil Nadu
"Indian Institute of Technology, Roorkee",['http://www.iitr.ac.in/'],['iitr.ac.in'],India,Uttarakhand
"Indian Institute of Technology, Patna",['http://www.iitp.ac.in/'],['iitp.ac.in'],India,Bihar
"Indian Institute of Technology, Indore",['http://www.iiti.ac.in/'],['iiti.ac.in'],India,Madhya Pradesh
"Indian Institute of Technology, Jodhpur",['http://www.iitj.ac.in/'],['iitj.ac.in'],India,Rajasthan
University of Music and Fine Arts,['http://www.iksvv.com/'],['iksvv.com'],India,
Indian Law Institue,['https://www.ili.ac.in/'],['ili.ac.in'],India,Delhi
Indus University,['http://www.indusuni.ac.in/'],['indusuni.ac.in'],India,
Integral University,['http://www.integraluniversity.ac.in/'],['integraluniversity.ac.in'],India,
Guru Gobind Singh Indraprastha University,['http://www.ipu.ac.in/'],['ipu.ac.in'],India,
Indian School of Business Management and Administration,['http://isbm.org.in/'],['isbm.org.in'],India,
Indian Statistical Institute,['http://www.isical.ac.in/'],['isical.ac.in'],India,
Indian School of Mines (ISM),['http://www.ismdhanbad.ac.in/'],['ismdhanbad.ac.in'],India,
Institute of Technology and Management,['http://www.itmindia.edu/'],['itmindia.edu'],India,
Indian University,['http://www.iur.ac.in/'],['iur.ac.in'],India,
Indian Veterinary Research Institute,['http://www.ivri.nic.in/'],['ivri.nic.in'],India,
Jadavpur University,['http://www.jadavpur.edu/'],['jadavpur.edu'],India,West Bengal
First Global University to teaching Jainism,['http://www.jainuniversity.org/'],['jainuniversity.org'],India,
Jamia Hamdard University,['http://www.jamiahamdard.edu/'],['jamiahamdard.edu'],India,
University of Jammu,['http://www.jammuvarsity.org/'],['jammuvarsity.org'],India,Jammu
Jaypee Institute of Information Technology,['http://www.jiit.ac.in/'],['jiit.ac.in'],India,
Jiwaji University,['http://www.jiwaji.edu/'],['jiwaji.edu'],India,
Jamia Millia Islamia University,['http://jmi.nic.in/'],['jmi.nic.in'],India,Delhi
Jawaharlal Nehru Centre for Advanced Scientific Research,['http://www.jncasr.ac.in/'],['jncasr.ac.in'],India,
Jawaharlal Nehru Agricultural University,['http://www.jnkvv.nic.in/'],['jnkvv.nic.in'],India,
Jawaharlal Nehru Technological University Hyderabad,['http://www.jntuh.ac.in/'],['jntuh.ac.in'],India,Telangana
Jawaharlal Nehru University,['http://www.jnu.ac.in/'],['jnu.ac.in'],India,Delhi
Jaipur National University,['http://www.jnujaipur.ac.in/'],['jnujaipur.ac.in'],India,Rajasthan
Jodhpur National University,['http://www.jodhpurnationaluniversity.com/'],['jodhpurnationaluniversity.com'],India,Rajasthan
Jai Prakash University,['http://jpv.bih.nic.in/'],['jpv.bih.nic.in'],India,
Rajasthan Vidyapeeth University,['http://www.jrnrvu.org/'],['jrnrvu.org'],India,Rajasthan
Jain Vishva Bharati Institute,['http://www.jvbi.ac.in/'],['jvbi.ac.in'],India,
Kalinga University,['http://www.kalingauniversity.com/'],['kalingauniversity.com'],India,Chhattisgarh
Sri Chandrasekharendra Saraswathi Viswa Mahavidyalaya,['http://www.kanchiuniv.ac.in/'],['kanchiuniv.ac.in'],India,
Kannada University,['http://www.kannadauniversity.org/'],['kannadauniversity.org'],India,Karnataka
Kannur University,['http://www.kannuruniversity.ac.in/'],['kannuruniversity.ac.in'],India,
Chhatrapati Shahu Ji Maharaj University,['http://www.kanpuruniversity.org/'],['kanpuruniversity.org'],India,
Karnataka State Open University,['http://www.karnatakastateopenuniversity.in/'],['karnatakastateopenuniversity.in'],India,Karnataka
Karpagam University,['http://www.karpagamuniv.com/'],['karpagamuniv.com'],India,Tamil Nadu
Karunya Institute Of Technology,['http://www.karunya.edu/'],['karunya.edu'],India,Tamil Nadu
University of Kashmir,['http://kashmiruniversity.net/'],['kashmiruniversity.net'],India,Kashmir
Kerala Agricultural University,['http://www.kau.edu/'],['kau.edu'],India,Kerala
University of Kerala,['http://www.keralauniversity.ac.in/'],['keralauniversity.ac.in'],India,Kerala
Kohinoor School of Hospitality Management,['http://kimi.kohinoor.ac.in/'],['kimi.kohinoor.ac.in'],India,
University of Kalyani,['http://www.klyuniv.ac.in/'],['klyuniv.ac.in'],India,
Krishna University,['http://www.krishnauniversity.ac.in/'],['krishnauniversity.ac.in'],India,
Kameshwar Singh Darbhanga Sanskrit University,['http://www.ksdsu.edu.in/'],['ksdsu.edu.in'],India,
Karnataka State Law University,['http://www.kslu.ac.in/'],['kslu.ac.in'],India,Karnataka
Karnatak University,['http://www.kud.ac.in/'],['kud.ac.in'],India,
Kerala University of Fisheries and Ocean Sciences,['http://www.kufos.ac.in/'],['kufos.ac.in'],India,Kerala
Kurukshetra University,['http://www.kukinfo.com/'],['kukinfo.com'],India,
Kumaraguru College of Technology,['http://www.kct.ac.in/'],['kct.ac.in'],India,Tamil Nadu
Kumaun University,['http://www.kumaununiversity.org/'],['kumaununiversity.org'],India,
Kuvempu University,['http://www.kuvempu.ac.in/'],['kuvempu.ac.in'],India,
Kakatiya University,['http://www.kuwarangal.com/'],['kuwarangal.com'],India,
L.D.College of Engineering,['http://www.ldceahd.org/'],['ldceahd.org'],India,
Lakshmibai National Institute of Physical Education,['http://www.lnipe.edu/'],['lnipe.edu'],India,
Lalit Narayan Mithila University,['http://lnmu.bih.nic.in/'],['lnmu.bih.nic.in'],India,
University of Lucknow,['http://www.lucknowuniv.org/'],['lucknowuniv.org'],India,Uttar Pradesh
Mar Athanasios College for Advanced Studies,['http://www.macfast.org/'],['macfast.org'],India,
Magadh University,['http://www.magadhuniversity.org/'],['magadhuniversity.org'],India,
Mangalore University,['http://www.mangaloreuniversity.ac.in/'],['mangaloreuniversity.ac.in'],India,Karnataka
Manipal University,['http://www.manipal.edu/'],['manipal.edu'],India,Karnataka
Manipur University,['https://www.manipuruniv.ac.in/'],['manipuruniv.ac.in'],India,Manipur
Moulana Azad national Urdu University,['http://www.manuu.ac.in/'],['manuu.ac.in'],India,
Makanlal Chutur Vedi University,['http://www.mcu.ac.in/'],['mcu.ac.in'],India,
Maharshi Dayanand Sarswati University Ajmer,['http://www.mdsuajmer.ac.in/'],['mdsuajmer.ac.in'],India,
"Maharishi Dayanand University, Rohtak",['http://www.mdurohtak.com/'],['mdurohtak.com'],India,Haryana
Mahatma Gandhi Kashi Vidyapith,['http://www.mgkvp.ac.in/'],['mgkvp.ac.in'],India,
"Maharaja Ganga Singh University, Bikaner",['http://www.mgsubikaner.ac.in/'],['mgsubikaner.ac.in'],India,
"Mahatma Gandhi University, Kerala",['http://www.mgu.ac.in/'],['mgu.ac.in'],India,Kerala
Mahatma Jyotiba Phule Rohilkhand University Bareilly,['http://www.mjpru.ac.in/'],['mjpru.ac.in'],India,
Madurai Kamaraj University,['http://www.mkuhyd.com/'],['mkuhyd.com'],India,Tamil Nadu
Marathwada Agricultural University,['http://mkv2.mah.nic.in/'],['mkv2.mah.nic.in'],India,
Mohan Lal Sukhadia University,['http://www.mlsu.ac.in/'],['mlsu.ac.in'],India,
Motilal Nehru National Institute Of Technology,['http://www.mnnit.ac.in/'],['mnnit.ac.in'],India,
Madhya Pradesh Bhoj (Open) University,['http://www.mpbou.org/'],['mpbou.org'],India,Madhya Pradesh
Mahatma Phule Agricultural University,['http://mpkv.mah.nic.in/'],['mpkv.mah.nic.in'],India,
Maharaja Sayajirao University of Baroda,['http://www.msubaroda.ac.in/'],['msubaroda.ac.in'],India,
University of Mumbai,['http://www.mu.ac.in/'],['mu.ac.in'],India,Maharashtra
Acharya Nagarjuna University,['http://www.nagarjunauniversity.ac.in/'],['nagarjunauniversity.ac.in'],India,
Nagaland University,['http://www.nagauniv.org.in/'],['nagauniv.org.in'],India,Nagaland
Nagpur University,['http://www.nagpur-university.com/'],['nagpur-university.com'],India,Maharashtra
Nalanda Open University,['http://www.nalandaopenuniversity.info/'],['nalandaopenuniversity.info'],India,
University of North Bengal,['http://www.nbu.ac.in/'],['nbu.ac.in'],India,West Bengal
National Dairy Research Institute,['http://ndri.nic.in/'],['ndri.nic.in'],India,
Narendra Deva University of Agriculture and Technology,['http://www.nduat.nic.in/'],['nduat.nic.in'],India,
North Eastern Hill University,['http://www.nehu.ac.in/'],['nehu.ac.in'],India,
Hemchandracharay North Gujarat University,['http://www.ngu.ac.in/'],['ngu.ac.in'],India,Gujarat
National Institute of Mental Health and Neuro Sciences,['http://www.nimhans.kar.nic.in/'],['nimhans.kar.nic.in'],India,
Nizam's Institute of Medical Sciences,['http://nims.ap.nic.in/'],['nims.ap.nic.in'],India,
Institute of Management Studies,['http://www.nims.net.in/'],['nims.net.in'],India,
Nirma University,['http://www.nirmauni.ac.in/'],['nirmauni.ac.in'],India,Gujarat
National Institute of Industrial Engineering,['http://www.nitie.edu/'],['nitie.edu'],India,
National Institute of Technology Agartala,['http://www.nita.ac.in/'],['nita.ac.in'],India,
National Institute of Technology Andhra Pradesh,['http://www.nitandhra.ac.in/'],['nitandhra.ac.in'],India,Andhra Pradesh
National Institute of Technology Arunachal Pradesh,['http://www.nitap.in/'],['nitap.in'],India,Arunachal Pradesh
National Institute of Technology Calicut,['http://www.nitc.ac.in/'],['nitc.ac.in'],India,Kerala
National Institute of Technology Delhi,['http://www.nitdelhi.ac.in/'],['nitdelhi.ac.in'],India,Delhi
National Institute of Technology Durgapur,['http://www.nitdgp.ac.in/'],['nitdgp.ac.in'],India,West Bengal
National Institute of Technology Goa,['http://www.nitgoa.ac.in/'],['nitgoa.ac.in'],India,Goa
National Institute of Technology Hamirpur,['http://www.nith.ac.in/'],['nith.ac.in'],India,Himachal Pradesh
National Institute of Technology Jamshedpur,['http://www.nitjsr.ac.in/'],['nitjsr.ac.in'],India,Jharkhand
National Institute of Technology Kurukshetra,['http://www.nitkkr.net/'],['nitkkr.net'],India,Haryana
National Institute of Technology Manipur,['http://www.nitmanipur.ac.in/'],['nitmanipur.ac.in'],India,Manipur
National Institute of Technology Meghalaya,['http://www.nitm.ac.in/'],['nitm.ac.in'],India,Meghalaya
National Institute of Technology Mizoram,['http://www.nitmz.ac.in/'],['nitmz.ac.in'],India,Mizoram
National Institute of Technology Nagaland,['http://www.nitnagaland.ac.in/'],['nitnagaland.ac.in'],India,Nagaland
National Institute of Technology Patna,['http://www.nitp.ac.in/'],['nitp.ac.in'],India,Bihar
National Institute of Technology Puducherry,['http://www.nitpy.ac.in/'],['nitpy.ac.in'],India,Puducherry
National Institute of Technology Raipur,['http://www.nitrr.ac.in/'],['nitrr.ac.in'],India,Chhattisgarh
National Institute of Technology Rourkela,['http://www.nitrkl.ac.in/'],['nitrkl.ac.in'],India,Odisha
National Institute of Technology Sikkim,['http://www.nitsikkim.ac.in/'],['nitsikkim.ac.in'],India,Sikkim
National Institute of Technology Silchar,['http://www.nits.ac.in/'],['nits.ac.in'],India,Assam
National Institute of Technology Srinagar,['http://www.nitsri.net/'],['nitsri.net'],India,Jammu and Kashmir
National Institute of Technology Surathkal,"['http://www.nitk.ac.in/', 'http://www.nitk.edu.in/']","['nitk.ac.in', 'nitk.edu.in']",India,Karnataka
National Institute of Technology Trichy,['http://www.nitt.edu/'],['nitt.edu'],India,Tamil Nadu
National Institute of Technology Uttarakhand,['http://www.nituk.ac.in/'],['nituk.ac.in'],India,Uttarakhand
National Institute of Technology Warangal,['http://www.nitw.ernet.in/'],['nitw.ernet.in'],India,Telangana
National Law School of India University,['http://www.nls.ac.in/'],['nls.ac.in'],India,
Narsee Monjee Institute of Management Studies,['http://www.nmims.edu/'],['nmims.edu'],India,
North Maharashtra University,['http://www.nmu.ac.in/'],['nmu.ac.in'],India,Maharashtra
Netaji Subhas University of Technology,['http://www.nsut.ac.in/'],['nsut.ac.in'],India,Delhi
Osmania University,['http://www.osmania.ac.in/'],['osmania.ac.in'],India,
Sri Padmavati Women's University,['http://www.padmavatiwomen-univ.org/'],['padmavatiwomen-univ.org'],India,
Pandit Deendayal Energy University,"['https://www.pdeu.ac.in/', 'https://www.pdpu.ac.in/']","['pdeu.ac.in', 'pdpu.ac.in']",India,Gujarat
Punjab Agricultural University,['http://www.pau.edu/'],['pau.edu'],India,Punjab
Dr. Panjabrao Deshmukh Krishi Vidyapeeth,['http://www.pdkv.ac.in/'],['pdkv.ac.in'],India,
Parul University,['http://www.paruluniversity.ac.in/'],['paruluniversity.ac.in'],India,
Punjab Engineering College,['http://www.pec.ac.in/'],['pec.ac.in'],India,Punjab
PES University,['http://www.pes.edu/'],['pes.edu'],India,Karnataka
Postgraduate lnstitute of Medical Education and Research,['http://www.pgimer.nic.in/'],['pgimer.nic.in'],India,Punjab and Haryana
Pondicherry University,['http://www.pondiuni.org/'],['pondiuni.org'],India,Puducherry
PSG College of Technology,['http://www.psgtech.edu/'],['psgtech.edu'],India,Tamil Nadu
Jai Narain Vyas University,['http://www.ptetjnvu.org/'],['ptetjnvu.org'],India,
Punjab Technical University,['http://www.ptu.ac.in/'],['ptu.ac.in'],India,Punjab
Panjab University,['http://www.puchd.ac.in/'],['puchd.ac.in'],India,Punjab
Punjabi University Patiala,['http://www.punjabiuniversity.ac.in/'],['punjabiuniversity.ac.in'],India,Punjab
Patna University,['http://puonline.bih.nic.in/'],['puonline.bih.nic.in'],India,Bihar
Rajendra Agricultural University,['http://www.pusavarsity.org.in/'],['pusavarsity.org.in'],India,
Rabindra Bharati University,['http://www.rabindrabharatiuniversity.net/'],['rabindrabharatiuniversity.net'],India,
Ranchi University,['http://www.ranchiuniversity.org.in/'],['ranchiuniversity.org.in'],India,Jharkhand
"Rajasthan Agricultural University, Bikaner",['http://www.raubikaner.org/'],['raubikaner.org'],India,Rajasthan
Rani Durgavati University,['http://www.rdunijbpin.org/'],['rdunijbpin.org'],India,
Rajiv Gandhi Technical University (University of Technology of Madhya Pradesh),['http://www.rgtu.net/'],['rgtu.net'],India,Madhya Pradesh
Rajiv Gandhi University,['http://www.rgu.ac.in/'],['rgu.ac.in'],India,
Rajitlal Institute of Technology & Health Sciences (RITHS),['http://www.riths.ac.in/'],['riths.ac.in'],India,
Dr. Ram Manohar Lohia Avadh University,['http://www.rmlau.ac.in/'],['rmlau.ac.in'],India,
Pandit Ravi Shankar Shukla University,['http://www.rsuniversity.com/'],['rsuniversity.com'],India,
Rajasthan Technical University,['http://www.rtu.ac.in/'],['rtu.ac.in'],India,Rajasthan
Mahatma Gandhi Chitrakut Gramoday University,['http://www.ruraluniversity-chitrakoot.org/'],['ruraluniversity-chitrakoot.org'],India,
"Dr. Hari Singh Gour University, formerly University of Sagar",['http://www.sagaruniversity.nic.in/'],['sagaruniversity.nic.in'],India,
Sambalpur University,['http://www.sambalpuruniversitypgc.in/'],['sambalpuruniversitypgc.in'],India,
National Sanskrit University,['http://www.sanskrit.nic.in/'],['sanskrit.nic.in'],India,
SASTRA University,['http://www.sastra.edu/'],"['sastra.edu', 'sastra.ac.in']",India,Tamil Nadu
Sathyabama University,['http://www.sathyabamauniv.ac.in/'],['sathyabamauniv.ac.in'],India,Tamil Nadu
Saurashtra University,['http://www.saurashtrauniversity.edu/'],['saurashtrauniversity.edu'],India,
Sree Chitra Tirunal Institute for Medical Sciences and Technology,['http://sctimst.ker.nic.in/'],['sctimst.ker.nic.in'],India,
Sardarkrushinagar Dantiwada Agricultural University,['http://www.sdau.edu.in/'],['sdau.edu.in'],India,
Sanjay Gandhi Postgraduate lnstitute of Medical Sciences,['http://www.sgpgi.ac.in/'],['sgpgi.ac.in'],India,
South Gujarat University,['http://www.sgu.ernet.in/'],['sgu.ernet.in'],India,
"Shobhit University, Meerut",['http://www.shobhituniversity.ac.in/'],['shobhituniversity.ac.in'],India,
Shridhar University,['http://www.shridharuniversity.ac.in/'],['shridharuniversity.ac.in'],India,
Vikrama Simhapuri University,['http://www.simhapuriuniv.ac.in/'],['simhapuriuniv.ac.in'],India,
Symbiosis International University,['http://www.siu.edu.in/'],['siu.edu.in'],India,
Shri Jagannath Sanskrit University,['http://www.sjsv.nic.in/'],['sjsv.nic.in'],India,
Sido Kanhu Murmu University,['http://www.skmu.edu.in/'],['skmu.edu.in'],India,
Sher-E-Kashmir University of Agricultural Sciences and Technology,['http://www.skuastkashmir.ac.in/'],['skuastkashmir.ac.in'],India,
Sri Krishnadevaraya University,['http://skuniv.ap.nic.in/'],['skuniv.ap.nic.in'],India,
Shri Lal Bahadur Shastri Rashtriya Sanskrit Vidyapeetha,['http://www.slbsrsv.ac.in/'],['slbsrsv.ac.in'],India,
SMK Fomra Institute of Technology,['http://www.smkfomra.net/'],['smkfomra.net'],India,
"Sikkim Manipal University of Health, Medical and Technological Sciences",['http://www.smu.edu.in/'],['smu.edu.in'],India,Sikkim
Shreemati Nathibai Damodar Thackersey Women's University,['http://www.sndt.edu/'],['sndt.edu'],India,
Sikha 'O' Anushandhan University,['http://www.soauniversity.ac.in/'],['soauniversity.ac.in'],India,
South Asian University,['http://www.southasianuniversity.org/'],['southasianuniversity.org'],India,
School of Planning and Architecture,['http://www.spa.ac.in/'],['spa.ac.in'],India,Delhi
Periyar University,['http://www.spuniv.org/'],['spuniv.org'],India,Tamil Nadu
Sardar Patel University,['http://www.spuvvn.edu/'],['spuvvn.edu'],India,
Sri Sathya Sai Institute of Higher Learning,['http://www.srisathyasai.org.in/'],['srisathyasai.org.in'],India,
Sree Rama Krishna Degree College,['http://www.srkdc.org/'],['srkdc.org'],India,
SRM Institute Of Science & Technology,['http://www.srmuniv.ac.in/'],['srmuniv.ac.in'],India,Tamil Nadu
Swami Ramanand Teerth Marathwada University,['http://www.srtmun.org/'],['srtmun.org'],India,
Sri Sant Gajanan Maharaj College of Engineering,['http://www.ssgmce.org/'],['ssgmce.org'],India,
Sree Sankaracharya University of Sanskrit,['http://www.ssus.ac.in/'],['ssus.ac.in'],India,
Sampurnanand Sanskrit University,['http://ssvv.up.nic.in/'],['ssvv.up.nic.in'],India,
Solapur University,['http://su.digitaluniversity.ac/'],['su.digitaluniversity.ac'],India,
Sardar Vallabhai Patel University of Agriculture Amd Technology,['http://www.svbpuctm.org/'],['svbpuctm.org'],India,
Sardar Vallabhbhai National Institute of Technology,['http://www.svnit.ac.in/'],['svnit.ac.in'],India,
Sri Venkateswara Institute of Medical Sciences,['http://svimstpt.ap.nic.in/'],['svimstpt.ap.nic.in'],India,
Sri Venkateswara University,['http://svuni.ap.nic.in/'],['svuni.ap.nic.in'],India,
Tamil University,['http://www.tamiluniversity.ac.in/'],['tamiluniversity.ac.in'],India,Tamil Nadu
Tamil Nadu Veterinary and Animal Sciences University,['http://www.tanuvas.com/'],['tanuvas.com'],India,Tamil Nadu
Thiagarajar College of Engineering,['http://www.tce.edu/'],['tce.edu'],India,Tamil Nadu
Potti Sreeramulu Telugu University,['http://www.teluguuniversity.ac.in/'],['teluguuniversity.ac.in'],India,Telangana
Tezpur University,['http://www.tezu.ernet.in/'],['tezu.ernet.in'],India,
The New College,['http://www.thenewcollege.edu.in/'],['thenewcollege.edu.in'],India,Tamil Nadu
Thapar Institute of Engineering and Technology,['http://www.tiet.ac.in/'],['tiet.ac.in'],India,Punjab
Tata Institute of Social Sciences,['http://www.tiss.edu/'],['tiss.edu'],India,
Tilka Manjhi Bhagalpur University,['http://www.tmbu.org/'],['tmbu.org'],India,
Tilak Maharashtra Vidyapeeth,['http://www.tmv.edu.in/'],['tmv.edu.in'],India,
Tamil Nadu Dr. Ambedkar Law University,['http://www.tndalu.org/'],['tndalu.org'],India,Tamil Nadu
Tamil Nadu Dr. M.G.R. Medical University,['http://www.tnmmu.ac.in/'],['tnmmu.ac.in'],India,Tamil Nadu
Avinashilingam Institute for Home Science and Higher Education for Women,['https://avinuty.ac.in/'],['avinuty.ac.in'],India,
Maulana Azad National Institute of Technology Bhopal,['http://www.manit.ac.in/'],['manit.ac.in'],India,Madhya Pradesh
Malaviya National Institute of Technology Jaipur,['http://www.mnit.ac.in/'],['mnit.ac.in'],India,Rajasthan
Tripura University,['http://www.tripurauniv.in/'],['tripurauniv.in'],India,
Takhatmal Shrivallabh Homoeopathic Medical College,['http://www.tshmc.org/'],['tshmc.org'],India,
Tumkur University,['http://www.tumkuruniversity.ac.in/'],['tumkuruniversity.ac.in'],India,
Thiruvalluvar University,['http://www.tvuni.in/'],['tvuni.in'],India,Tamil Nadu
"University of Agricultural Sciences, Bangalore",['http://uasbng.kar.nic.in/'],['uasbng.kar.nic.in'],India,Karnataka
"University of Agricultural Sciences, Dharwad",['http://www.uasd.net/'],['uasd.net'],India,
Uttarakhand Technical University,['http://www.uktech.ac.in/'],['uktech.ac.in'],India,Uttarakhand
University of Media Arts,['http://www.uma.ac.in/'],['uma.ac.in'],India,
University of Calicut,['http://unical.ac.in/'],['unical.ac.in'],India,Kerala
Goa University,['http://www.unigoa.ac.in/'],['unigoa.ac.in'],India,Goa
University of Mysore,['http://www.uni-mysore.ac.in/'],['uni-mysore.ac.in'],India,Karnataka
University of Pune,['http://www.unipune.ernet.in/'],['unipune.ernet.in'],India,Maharashtra
University of Rajasthan,['http://www.uniraj.org/'],['uniraj.org'],India,Rajasthan
Shivaji University,['http://www.unishivaji.ac.in/'],['unishivaji.ac.in'],India,
University of Madras,['http://www.unom.ac.in/'],['unom.ac.in'],India,Tamil Nadu
University of Hyderabad,['http://www.uohyd.ernet.in/'],['uohyd.ernet.in'],India,Telangana
University of Kota,['http://www.uok.ac.in/'],['uok.ac.in'],India,
University of Roorkee,['http://www.uor.org/'],['uor.org'],India,
Uttarakhand Open University,['http://www.uou.ac.in/'],['uou.ac.in'],India,Uttarakhand
Uttar Pradesh Technical University,['http://www.uptu.ac.in/'],['uptu.ac.in'],India,Uttar Pradesh
Utkal University,['http://www.utkaluniv.org/'],['utkaluniv.org'],India,
VBS Purvanchal University,['http://vbspu.ac.in/'],['vbspu.ac.in'],India,
Vinoba Bhave University,['http://www.vbu.co.in/'],['vbu.co.in'],India,
Vidyasagar University,['http://www.vidyasagar.ac.in/'],['vidyasagar.ac.in'],India,
Vignan University,['http://www.vignanuniversity.org/'],['vignanuniversity.org'],India,
Vikram University,['http://www.vikramuniversity.org/'],['vikramuniversity.org'],India,
Vinayaka Mission's Research Foundation-Deemed University,['http://www.vinayakamissions.com/'],['vinayakamissions.com'],India,
Visva-Bharati University,['http://www.visva-bharati.ac.in/'],['visva-bharati.ac.in'],India,
Vellore Institute of Technology,['http://www.vit.ac.in/'],['vit.ac.in'],India,Tamil Nadu
Veer Kunwar Singh University,['http://www.vksu-ara.org/'],['vksu-ara.org'],India,
Vardhaman Mahaveer Open University,['http://www.vmou.ac.in/'],['vmou.ac.in'],India,
Visvesvaraya National Institute of Technology,['http://www.vnitnagpur.ac.in/'],['vnitnagpur.ac.in'],India,Maharashtra
Veer Surendra Sai University of Technology,['http://www.vssut.ac.in/'],['vssut.ac.in'],India,
Visvesvaraya Technological University,['http://www.vtu.ac.in/'],['vtu.ac.in'],India,Karnataka
West Bengal University of Animal and Fishery Sciences,['http://www.wbuafs.nic.in/'],['wbuafs.nic.in'],India,West Bengal
West Bengal University of Technology,['http://www.wbut.net/'],['wbut.net'],India,West Bengal
Yashawantrao Chavan Maharashtra Open University,['http://www.ycmou.com/'],['ycmou.com'],India,
Dr. YS Parmar University of Horticulture and Forestry,['http://www.ysparmaruniversity.org/'],['ysparmaruniversity.org'],India,
Charotar University of Science and Technology,['https://www.charusat.ac.in/'],['charusat.ac.in'],India,
Navrachana University,['https://www.nuv.ac.in/'],['nuv.ac.in'],India,Gujarat
"Atal Bihari Vajpayee Indian Institute of Information Technology and Management, Gwalior",['https://www.iiitm.ac.in/'],['iiitm.ac.in'],India,Madhya Pradesh
COER University Roorkee,"['https://coeruniversity.ac.in/', 'https://coer.ac.in/']","['coeruniversity.ac.in', 'coer.ac.in']",India,Uttarakhand
IIT Bhubaneswar,['https://www.iitbbs.ac.in/'],['iitbbs.ac.in'],India,Odisha
SRM University,['https://srmap.edu.in/'],['srmap.edu.in'],India,Andhra Pradesh
KIET Group of Institutions,['https://kiet.edu/'],['kiet.edu'],India,
Ramaiah University of Applied Sciences,['https://msruas.ac.in/'],['msruas.ac.in'],India,
Uttaranchal University,['https://uudoon.in/'],['uumail.in'],India,Uttarakhand
"University College, Thiruvananthapuram",['http://universitycollege.ac.in/'],['universitycollege.ac.in'],India,Kerala
GSFC University,['https://gsfcuni.edu.in/'],['gsfcuniversity.ac.in'],India,
Anurag University,['https://anurag.edu.in/'],['anurag.edu.in'],India,
Bishop Herber College,['https://bhc.edu.in/'],['bhc.edu.in'],India,
Pondicherry University,['https://bicpu.edu.in/'],['bicpu.edu.in'],India,
Panimalar Engineering College,"['https://panimalar.ac.in/', 'https://panimalarengineeringcollegechennai.ac.in/']","['panimalar.ac.in', 'panimalarengineeringcollegechennai.ac.in']",India,Tamil Nadu
Rajalakshmi Engineering College,['https://www.rajalakshmi.org/'],['rajalakshmi.org'],India,Tamil Nadu
Rajagiri School of Engineering and Technology,['https://www.rajagiritech.edu.in/'],['rajagiritech.edu.in'],India,Kerala
St Joseph's College Of Engineering,['https://stjosephs.ac.in/'],['stjosephs.ac.in'],India,Tamil Nadu
St Joseph's Institute Of Technology,['https://www.stjosephstechnology.ac.in/'],['stjosephstechnology.ac.in'],India,Tamil Nadu
Sri Sivasubramaniya Nadar Institutions,['https://www.ssn.edu.in/'],['ssn.edu.in'],India,Tamil Nadu
Saveetha Engineering College,['https://www.saveetha.ac.in/'],['saveetha.ac.in'],India,Tamil Nadu
Sri Venkateswara College of Engineering,['https://www.svce.ac.in/'],['svce.ac.in'],India,Tamil Nadu
Easwari Engineering College,['https://srmeaswari.ac.in/'],['srmeaswari.ac.in'],India,Tamil Nadu
Jeppiar Engineering College,['https://jeppiaarcollege.org/'],['jeppiaarcollege.org'],India,Tamil Nadu
Rajalakshmi Institute of Technology,['https://ritchennai.org/'],['ritchennai.org'],India,Tamil Nadu
Saveetha School of Engineering,['https://saveethaengineering.com/'],['saveethaengineering.com'],India,Tamil Nadu
Saveetha University,['https://www.saveetha.com/'],['saveetha.com'],India,Tamil Nadu
KCG College of Technology,['https://kcgcollege.ac.in/'],['kcgcollege.ac.in'],India,Tamil Nadu
Hindustan Institute of Technology and Science,['https://hindustanuniv.ac.in/'],['hindustanuniv.ac.in'],India,Tamil Nadu
Chennai Institute of Technology,['https://www.citchennai.edu.in/'],['citchennai.edu.in'],India,Tamil Nadu
Sri Sai Ram Engineering College,['https://sairam.edu.in/'],['sairam.edu.in'],India,Tamil Nadu
Loyola-ICAM College of Engineering and Technology,['https://licet.ac.in/'],['licet.ac.in'],India,Tamil Nadu
Sri Sai Ram Institute of Technology,['https://sairamit.edu.in/'],['sairamit.edu.in'],India,Tamil Nadu
RMK Engineering College,['http://www.rmkec.ac.in/'],['rmkec.ac.in'],India,Tamil Nadu
RMK College of Engineering and Technology,['https://rmkcet.ac.in/'],['rmkcet.ac.in'],India,Tamil Nadu
RMD Engineering College,['https://rmd.ac.in/'],['rmd.ac.in'],India,Tamil Nadu
Velammal Engineering College,['https://velammal.edu.in/'],['velammal.edu.in'],India,Tamil Nadu
Velammal Institute of Technology,['https://velammalitech.edu.in/'],['velammalitech.edu.in'],India,Tamil Nadu
Prathyusha Engineering College,['https://prathyusha.edu.in/'],['prathyusha.edu.in'],India,Tamil Nadu
Alpha College of Engineering,['https://alphagroup.edu/'],['alphagroup.edu'],India,Tamil Nadu
SA Engineering College,['https://www.saec.ac.in/'],['saec.ac.in'],India,Tamil Nadu
Sister Nivedita University,['https://snuniv.ac.in/'],['snuniv.ac.in'],India,
JIS University,['https://www.jisuniversity.ac.in/'],['jisuniversity.ac.in'],India,
JIS College of Engineering,['https://www.jiscollege.ac.in/'],['jiscollege.ac.in'],India,
Narula Institute of Technology,['https://www.nit.ac.in/'],['nit.ac.in'],India,
Guru Nanak Institute of Technology,['https://gnit.ac.in/'],['gnit.ac.in'],India,
Guru Nanak Institute of Hotel Management,['https://www.gnihm.ac.in/'],['gnihm.ac.in'],India,
Guru Nanak Institute of Pharmaceutical Science & Technology,['https://www.gnipst.ac.in/'],['gnipst.ac.in'],India,
Guru Nanak Institute of Dental Sciences & Research,['https://www.gnidsr.ac.in/'],['gnidsr.ac.in'],India,
Dr. Sudhir Chandra Sur Institute of Technology & Sports Complex,['https://www.surtech.edu.in/'],['surtech.edu.in'],India,
JIS Institute of Advanced Studies & Research,['https://jisiasr.org/'],['jisiasr.org'],India,
JIS School of Medical Science & Research,['https://jismsr.org/'],['jismsr.org'],India,
JIS Institute of Pharmacy,['https://jisiop.org/'],['jisiop.org'],India,
JIS School of Polytechnic,['https://www.jissp.ac.in/'],['jissp.ac.in'],India,
Greater Kolkata College of Engineering & Management,['https://www.gkcem.ac.in/'],['gkcem.ac.in'],India,
Chandil Polytechnic School,['https://www.chandilpolytechnic.org/'],['chandilpolytechnic.org'],India,
Gola Polytechnic School,['https://golapolytechnic.org/'],['golapolytechnic.org'],India,
Asansol Engineering College,['http://www.aecwb.edu.in/'],['aecwb.edu.in'],India,
Aditya University,['https://aditya.ac.in/'],['aditya.ac.in'],India,
Assam Down Town University,['https://adtu.in/'],['adtu.in'],India,
Kalinga Institute of Industrial Technology (KIIT),['https://kiit.ac.in/'],['kiit.ac.in'],India,
Sharda University,['https://www.sharda.ac.in/'],['sharda.ac.in'],India,
Shri Jagdishprasad Jhabarmal Tibrewala University,['https://jjtu.ac.in/'],['jjtu.ac.in'],India,Rajasthan
Singhania University,['https://singhaniauniversity.ac.in/'],['singhaniauniversity.ac.in'],India,Rajasthan
Manav Rachna University,['https://manavrachna.edu.in/'],['manavrachna.edu.in'],India,Haryana
MIT World Peace University,['https://mitwpu.edu.in/'],['mitwpu.edu.in'],India,Maharashtra
Technique Polytechnic Institute,['https://www.techniqueedu.com/'],['techniqueedu.com'],India,West Bengal
Indian Institute Of Technology–Ropar (IIT–Ropar),['https://www.iitrpr.ac.in/'],['iitrpr.ac.in'],India,Punjab
Kaloji Narayana Rao University of Health Sciences,['https://www.knruhs.telangana.gov.in/'],['knruhs.telangana.gov.in'],India,Telangana
"Mahatma Gandhi University, Nalgonda",['https://mguniversity.ac.in/'],['mguniversity.ac.in'],India,Telangana
Nizam’s Institute of Medical Sciences,['https://www.nims.edu.in/'],['nims.edu.in'],India,Telangana
Palamuru University,['https://palamuruuniversity.ac.in/'],['palamuruuniversity.ac.in'],India,Telangana
Professor Jayashankar Telangana State Agricultural University,['https://pjtau.edu.in/'],['pjtau.edu.in'],India,Telangana
P. V. Narasimha Rao Telangana Veterinary University,['https://tsvu.nic.in/'],['tsvu.nic.in'],India,Telangana
Satavahana University,['https://satavahana.ac.in/'],['satavahana.ac.in'],India,Telangana
Sri Konda Laxman Telangana State Horticultural University,['https://www.skltshu.ac.in/'],['skltshu.ac.in'],India,Telangana
Telangana University,['https://www.telanganauniversity.ac.in/'],['telanganauniversity.ac.in'],India,Telangana
Chitkara University,['https://www.chitkara.edu.in/'],"['chitkara.edu.in', 'chitkarauniversity.edu.in']",India,Himachal Pradesh
St. Joseph's College of Commerce,['https://sjcc.edu.in/'],['sjcc.edu.in'],India,Karnataka
REVA University,['https://reva.edu.in/'],['reva.edu.in'],India,Karnataka
