Name,Language,Genres,Rating,Premiered,Status
Under the Dome,English,"Drama, Science-Fiction, Thriller",6.6,2013-06-24,Ended
Person of Interest,English,"Action, Crime, Science-Fiction",8.8,2011-09-22,Ended
Bitten,English,"Drama, Horror, Romance",7.4,2014-01-11,Ended
Arrow,English,"Drama, Action, Science-Fiction",7.4,2012-10-10,Ended
True Detective,English,"Drama, Crime, Thriller",8.1,2014-01-12,Running
The 100,English,"Action, Adventure, Science-Fiction",7.7,2014-03-19,Ended
Homeland,English,"Drama, Thriller, Espionage",8.2,2011-10-02,Ended
Glee,English,"Drama, Music, Romance",6.7,2009-05-19,Ended
Revenge,English,"Drama, Thriller, Mystery",7.8,2011-09-21,Ended
Grimm,English,"Drama, Crime, Supernatural",8.4,2011-10-28,Ended
Gotham,English,"Drama, Action, Crime",7.7,2014-09-22,Ended
Lost Girl,English,"Drama, Fantasy, Horror",7.9,2010-09-12,Ended
The Flash,English,"Drama, Action, Science-Fiction",7.5,2014-10-07,Ended
Continuum,English,"Drama, Crime, Science-Fiction",8.0,2012-05-27,Ended
Constantine,English,"Drama, Action, Horror",7.5,2014-10-24,Ended
Penny Dreadful,English,"Horror, Thriller, Supernatural",8.2,2014-05-11,Ended
The Amazing Race,English,"Action, Adventure, Family",6.8,2001-09-05,Running
Supernatural,English,"Drama, Action, Supernatural",8.3,2005-09-13,Ended
The Strain,English,"Drama, Horror, Thriller",7.5,2014-07-13,Ended
The Last Ship,English,"Drama, Action, Thriller",7.5,2014-06-22,Ended
True Blood,English,"Drama, Romance, Supernatural",7.9,2008-09-07,Ended
Once Upon a Time in Wonderland,English,"Drama, Adventure, Fantasy",6.9,2013-10-10,Ended
Hawaii Five-0,English,"Drama, Action, Crime",7.7,2010-09-20,Ended
Hellsing,Japanese,"Anime, Horror, Supernatural",7.3,2001-10-10,Ended
Hellsing Ultimate,Japanese,"Drama, Action, Anime, Horror",7.3,2006-02-10,Ended
Berserk,Japanese,"Anime, Fantasy, Horror",8.0,1997-10-07,Ended
Californication,English,"Drama, Comedy",7.9,2007-08-13,Ended
Vikings,English,"Drama, Action, History",8.6,2013-03-03,Ended
American Horror Story,English,"Drama, Horror, Thriller",7.5,2011-10-05,Running
Marvel's Agents of S.H.I.E.L.D.,English,"Action, Adventure, Science-Fiction",8.0,2013-09-24,Ended
Fargo,English,"Drama, Comedy, Crime",8.6,2014-04-15,To Be Determined
Hemlock Grove,English,"Drama, Horror, Thriller",6.9,2013-04-19,Ended
Helix,English,"Horror, Science-Fiction, Thriller",6.5,2014-01-10,Ended
The Killing,English,"Drama, Crime, Thriller",8.2,2011-04-03,Ended
Intruders,English,"Drama, Fantasy, Thriller",7.1,2014-08-23,Ended
Z Nation,English,"Action, Horror, Science-Fiction",7.2,2014-09-12,Ended
Resurrection,English,"Drama, Science-Fiction, Mystery",7.1,2014-03-09,Ended
Death Note,Japanese,"Anime, Fantasy, Thriller",8.8,2006-10-03,Ended
Last Man Standing,English,"Comedy, Family",7.8,2011-10-11,Ended
Sleepy Hollow,English,"Drama, Mystery, Supernatural",7.5,2013-09-16,Ended
Outlander,English,"Adventure, Romance, Science-Fiction",7.9,2014-08-09,Ended
Scorpion,English,"Drama, Action, Thriller",7.3,2014-09-22,Ended
NCIS: New Orleans,English,"Drama, Crime",7.5,2014-09-23,Ended
Forever,English,"Drama, Crime, Supernatural",8.1,2014-09-22,Ended
Witches of East End,English,"Drama, Fantasy, Romance",7.5,2013-10-06,Ended
Madam Secretary,English,Drama,7.7,2014-09-21,Ended
Brooklyn Nine-Nine,English,"Comedy, Action, Crime",8.1,2013-09-17,Ended
The Lottery,English,"Drama, Science-Fiction, Thriller",6.5,2014-07-20,Ended
The Knick,English,"Drama, Medical",8.3,2014-08-08,Ended
How to Get Away with Murder,English,"Drama, Thriller, Legal",7.6,2014-09-25,Ended
Nashville,English,"Drama, Music, Romance",7.4,2012-10-10,Ended
Legends,English,"Drama, Crime, Thriller",7.5,2014-08-13,Ended
Red Band Society,English,"Drama, Comedy",7.7,2014-09-17,Ended
Chicago P.D.,English,"Drama, Crime",8.0,2014-01-08,Running
black-ish,English,"Comedy, Family",6.2,2014-09-24,Ended
New Girl,English,"Comedy, Romance",7.3,2011-09-20,Ended
Chicago Fire,English,"Drama, Action",8.0,2012-10-10,Running
NCIS,English,"Drama, Action, Crime",7.9,2003-09-23,Running
Orphan Black,English,"Drama, Science-Fiction, Thriller",8.6,2013-03-30,Ended
The Originals,English,"Drama, Romance, Supernatural",8.2,2013-10-03,Ended
The Vampire Diaries,English,"Drama, Romance, Supernatural",7.9,2009-09-10,Ended
Utopia,English,"Drama, Science-Fiction, Thriller",8.4,2013-01-15,Ended
Bones,English,"Drama, Crime, Medical",8.1,2005-09-13,Ended
The Big Bang Theory,English,Comedy,8.0,2007-09-24,Ended
Grey's Anatomy,English,"Drama, Romance, Medical",7.6,2005-03-27,Running
Castle,English,"Drama, Crime, Mystery",8.2,2009-03-09,Ended
The Blacklist,English,"Drama, Crime, Thriller",8.1,2013-09-23,Ended
The Voice,English,Music,5.8,2011-04-26,Running
Dancing with the Stars,English,Family,6.6,2005-06-01,Running
NCIS: Los Angeles,English,"Drama, Action, Crime",7.9,2009-09-22,Ended
The Walking Dead,English,"Drama, Action, Horror",7.9,2010-10-31,Ended
Hell on Wheels,English,"Drama, Action, Western",8.2,2011-11-06,Ended
The Mindy Project,English,"Comedy, Romance, Medical",7.0,2012-09-25,Ended
Sons of Anarchy,English,"Drama, Action, Crime",8.3,2008-09-03,Ended
The Middle,English,"Comedy, Family",8.1,2009-09-30,Ended
The Mysteries of Laura,English,"Comedy, Crime, Mystery",7.3,2014-09-17,Ended
The Goldbergs,English,"Comedy, Family",7.5,2013-09-24,Ended
Modern Family,English,"Comedy, Family",7.8,2009-09-23,Ended
Criminal Minds,English,"Drama, Crime, Thriller",8.1,2005-09-22,Running
Game of Thrones,English,"Drama, Adventure, Fantasy",8.9,2011-04-17,Ended
The Simpsons,English,"Comedy, Family",8.1,1989-12-17,Running
Family Guy,English,"Comedy, Family",7.5,1999-01-31,Running
Stalker,English,"Crime, Thriller",7.4,2014-10-01,Ended
The Bridge,English,"Drama, Crime, Thriller",7.5,2013-07-10,Ended
Reign,English,"Drama, Romance, History",7.6,2013-10-17,Ended
Unforgettable,English,"Drama, Crime",7.5,2011-09-20,Ended
Haven,English,"Drama, Crime, Supernatural",8.0,2010-07-09,Ended
Bad Judge,English,"Comedy, Family",7.4,2014-10-02,Ended
A to Z,English,"Comedy, Romance",6.7,2014-10-02,Ended
Parenthood,English,"Drama, Comedy, Family",8.0,2010-03-02,Ended
Defiance,English,"Action, Adventure, Science-Fiction",7.8,2013-04-15,Ended
Falling Skies,English,"Drama, Action, Science-Fiction",7.6,2011-06-19,Ended
Manhattan Love Story,English,"Comedy, Romance",5.4,2014-09-30,Ended
The Biggest Loser,English,,6.0,2004-10-19,Ended
Scandal,English,"Drama, Thriller",7.9,2012-04-05,Ended
America's Next Top Model,English,,5.5,2003-05-20,Ended
Blue Bloods,English,"Drama, Crime",8.1,2010-09-24,Ended
The Good Wife,English,"Drama, Crime, Legal",8.1,2009-09-22,Ended
Boardwalk Empire,English,"Drama, Crime",8.4,2010-09-19,Ended
Law & Order: Special Victims Unit,English,"Drama, Crime, Legal",7.9,1999-09-20,Running
Dominion,English,"Action, Adventure, Fantasy",7.2,2014-06-19,Ended
From Dusk Till Dawn: The Series,English,"Action, Crime, Horror",6.5,2014-03-11,Ended
Justified,English,"Drama, Crime, Western",8.7,2010-03-16,Ended
Bob's Burgers,English,"Comedy, Family",7.9,2011-01-09,Running
Mulaney,English,"Comedy, Family",6.0,2014-10-05,Ended
CSI: Crime Scene Investigation,English,"Drama, Action, Crime",8.1,2000-10-06,Ended
Gracepoint,English,"Drama, Crime, Mystery",7.5,2014-10-02,Ended
Once Upon a Time,English,"Drama, Fantasy, Romance",7.5,2011-10-23,Ended
South Park,English,Comedy,8.3,1997-08-13,Running
Survivor,English,Adventure,7.3,2000-05-31,Running
King of the Hill,English,Comedy,7.6,1997-01-12,Running
The Mentalist,English,"Drama, Crime, Mystery",8.2,2008-09-23,Ended
Star Wars: Rebels,English,"Action, Adventure, Science-Fiction",7.9,2014-09-29,Ended
House,English,"Drama, Mystery, Medical",8.7,2004-11-16,Ended
Transparent,English,"Drama, Comedy",7.3,2014-09-26,Ended
Nikita,English,"Drama, Action, Crime",7.8,2010-09-09,Ended
Lost,English,"Drama, Adventure, Supernatural",8.2,2004-09-22,Ended
2 Broke Girls,English,Comedy,7.3,2011-09-19,Ended
Selfie,English,"Comedy, Romance",7.1,2014-09-30,Ended
Mom,English,"Comedy, Family",7.6,2013-09-23,Ended
The Affair,English,"Drama, Romance",7.7,2014-10-12,Ended
Jane the Virgin,English,"Drama, Crime, Romance",7.4,2014-10-13,Ended
Marry Me,English,Comedy,5.4,2014-10-14,Ended
Two and a Half Men,English,Comedy,6.7,2003-09-22,Ended
About a Boy,English,"Drama, Comedy, Romance",6.6,2014-02-22,Ended
The Millers,English,Comedy,6.2,2013-10-03,Ended
Elementary,English,"Drama, Crime, Mystery",8.3,2012-09-27,Ended
Heroes,English,"Drama, Action, Science-Fiction",7.7,2006-09-25,Ended
The McCarthys,English,"Comedy, Family",6.8,2014-10-30,Ended
Cristela,English,"Comedy, Legal",7.0,2014-10-10,Ended
The Leftovers,English,"Drama, Science-Fiction, Thriller",8.0,2014-06-29,Ended
Girls,English,"Drama, Romance",6.5,2012-04-15,Ended
Looking,English,"Drama, Comedy, Romance",7.3,2014-01-19,Ended
Getting On,English,"Comedy, Medical",7.1,2013-11-24,Ended
Veep,English,Comedy,7.8,2012-04-22,Ended
Silicon Valley,English,Comedy,8.4,2014-04-06,Ended
The Comeback,English,Comedy,6.5,2005-06-05,Ended
House of Lies,English,"Drama, Comedy",7.9,2012-01-08,Ended
Episodes,English,Comedy,7.9,2011-01-09,Ended
Nurse Jackie,English,"Drama, Comedy",7.8,2009-06-08,Ended
Web Therapy,English,Comedy,7.1,2011-07-19,Ended
Masters of Sex,English,"Drama, Romance, History",7.3,2013-09-29,Ended
Shameless,English,"Drama, Comedy, Family",8.5,2011-01-09,Ended
The Newsroom,English,Drama,8.4,2012-06-24,Ended
Ray Donovan,English,"Drama, Action, Crime",8.1,2013-06-30,Ended
Utopia,English,,,2014-09-07,Ended
Sanctuary,English,"Drama, Adventure, Science-Fiction",8.0,2008-10-03,Ended
Beauty & the Beast,English,"Action, Romance, Science-Fiction",7.3,2012-10-11,Ended
Twin Peaks,English,"Crime, Mystery, Supernatural",8.0,1990-04-08,Ended
The Americans,English,"Drama, Espionage",8.5,2013-01-30,Ended
Fringe,English,"Drama, Action, Science-Fiction",8.6,2008-09-09,Ended
State of Affairs,English,"Drama, Thriller",6.5,2014-11-17,Ended
Weeds,English,"Drama, Comedy, Crime",7.9,2005-08-07,Ended
Dexter,English,"Drama, Crime, Mystery",8.4,2006-10-01,Ended
Carnivàle,English,"Drama, Fantasy, Horror",8.0,2003-09-14,Ended
Human Target,English,"Action, Adventure, Crime",8.0,2010-01-17,Ended
Banshee,English,"Drama, Action, Crime",8.6,2013-01-11,Ended
Bionic Woman,English,"Action, Science-Fiction",6.4,2007-09-26,Ended
Battlestar Galactica,English,"Drama, Science-Fiction, War",8.7,2003-12-08,Ended
24,English,"Drama, Action, Thriller",8.2,2001-11-06,Ended
Chuck,English,"Drama, Comedy, Action",8.2,2007-09-24,Ended
Breaking Bad,English,"Drama, Crime, Thriller",9.2,2008-01-20,Ended
Orange Is the New Black,English,"Drama, Comedy, Crime",7.9,2013-07-11,Ended
How I Met Your Mother,English,"Drama, Comedy, Romance",7.9,2005-09-19,Ended
Suits,English,"Drama, Legal",8.1,2011-06-23,Ended
Parks and Recreation,English,Comedy,8.1,2009-04-09,Ended
House of Cards,English,"Drama, Thriller",8.2,2013-02-01,Ended
Teen Wolf,English,"Drama, Romance, Supernatural",8.1,2011-06-05,Ended
Pretty Little Liars,English,"Romance, Thriller, Mystery",7.4,2010-06-08,Ended
The Legend of Korra,English,"Action, Adventure, Fantasy",8.0,2012-04-14,Ended
The Wire,English,"Drama, Crime",8.9,2002-06-02,Ended
Firefly,English,"Drama, Adventure, Science-Fiction",8.9,2002-09-20,Ended
Extant,English,"Drama, Science-Fiction, Thriller",7.3,2014-07-09,Ended
Black Sails,English,"Drama, Action, Adventure",8.4,2014-01-25,Ended
Tyrant,English,"Drama, Thriller",7.9,2014-06-24,Ended
BoJack Horseman,English,"Drama, Comedy",7.9,2014-08-22,Ended
Salem,English,"Drama, Thriller, Supernatural",6.9,2014-04-20,Ended
TURN: Washington's Spies,English,"Drama, War",7.8,2014-04-06,Ended
Intelligence,English,"Action, Science-Fiction",6.6,2014-01-07,Ended
Believe,English,"Drama, Action, Fantasy",7.3,2014-03-10,Ended
Star-Crossed,English,"Drama, Romance, Science-Fiction",6.9,2014-02-17,Ended
Crisis,English,"Drama, Action, Thriller",7.1,2014-03-16,Ended
Halt and Catch Fire,English,Drama,8.1,2014-06-01,Ended
Hello Ladies,English,Comedy,6.5,2013-09-29,Ended
Dads,English,Comedy,5.1,2013-09-17,Ended
Hannibal,English,"Drama, Crime, Horror",8.2,2013-04-04,Ended
Bates Motel,English,"Drama, Horror, Thriller",8.0,2013-03-18,Ended
The Following,English,"Drama, Crime, Thriller",7.0,2013-01-21,Ended
Da Vinci's Demons,English,"Drama, Horror",8.0,2013-04-12,Ended
The Fosters,English,"Drama, Family, Romance",7.5,2013-06-03,Ended
Mistresses,English,"Drama, Romance",7.6,2013-06-03,Ended
The Tomorrow People,English,"Action, Science-Fiction",7.3,2013-10-09,Ended
Devious Maids,English,"Drama, Crime, Mystery",7.6,2013-06-23,Ended
Almost Human,English,"Drama, Crime, Science-Fiction",7.7,2013-11-17,Ended
The Carrie Diaries,English,"Drama, Comedy, Romance",6.5,2013-01-14,Ended
Stargate SG·1,English,"Action, Adventure, Science-Fiction",8.8,1997-07-27,Ended
Graceland,English,"Drama, Action, Crime",7.4,2013-06-06,Ended
Stargate Atlantis,English,"Action, Adventure, Science-Fiction",8.8,2004-07-16,Ended
Stargate Universe,English,"Action, Adventure, Science-Fiction",8.1,2009-10-02,Ended
The Chair,English,,,2014-09-06,Ended
Survivor's Remorse,English,"Drama, Comedy, Sports",6.6,2014-10-04,Ended
Doctor Who,English,"Drama, Adventure, Science-Fiction",8.2,2005-03-26,Ended
666 Park Avenue,English,"Drama, Mystery, Supernatural",6.6,2012-09-30,Ended
Alcatraz,English,"Drama, Science-Fiction, Thriller",7.0,2012-01-16,Ended
The Gates,English,"Drama, Crime, Supernatural",7.2,2010-06-20,Ended
Kingdom,English,"Drama, Family, Sports",7.9,2014-10-08,Ended
American Dad!,English,"Comedy, Family",7.5,2005-02-06,Running
Rick and Morty,English,"Comedy, Adventure, Science-Fiction",8.7,2013-12-02,Running
Hostages,English,"Drama, Thriller",6.4,2013-09-23,Ended
Being Human,English,"Drama, Horror, Romance",7.5,2011-01-17,Ended
Alphas,English,"Drama, Science-Fiction, Supernatural",7.5,2011-07-11,Ended
Crossing Lines,English,"Drama, Action, Crime",7.6,2013-06-23,Ended
Rectify,English,"Drama, Crime",8.0,2013-04-22,Ended
Happyland,English,"Drama, Comedy",7.0,2014-09-30,Ended
Twisted,English,"Drama, Thriller, Mystery",7.3,2013-03-19,Ended
Ravenswood,English,"Drama, Horror",7.1,2013-10-22,Ended
The Crazy Ones,English,Comedy,7.1,2013-09-26,Ended
Mob City,English,"Drama, Crime",7.4,2013-12-04,Ended
Last Resort,English,"Drama, Action, War",7.3,2012-09-27,Ended
The Neighbors,English,"Comedy, Science-Fiction",6.9,2012-09-26,Ended
Go On,English,Comedy,7.3,2012-08-08,Ended
Vegas,English,Drama,7.9,2012-09-25,Ended
The River,English,"Drama, Horror, Supernatural",6.9,2012-02-07,Ended
Awake,English,"Drama, Fantasy, Thriller",7.4,2012-03-01,Ended
Missing,English,"Drama, Action, Thriller",7.0,2012-03-15,Ended
The New Normal,English,Comedy,7.1,2012-09-10,Ended
GCB,English,"Drama, Comedy, Romance",7.2,2012-03-04,Ended
Revolution,English,"Action, Adventure, Science-Fiction",7.6,2012-09-17,Ended
Dallas,English,"Drama, Family",6.7,2012-06-13,Ended
Anger Management,English,Comedy,6.3,2012-06-28,Ended
Cops,English,"Action, Crime",7.1,1989-03-11,Running
Benched,English,"Comedy, Legal",7.2,2014-10-28,Ended
The Great Fire,English,Drama,7.0,2014-10-16,Ended
Conan,English,Comedy,7.7,2010-11-08,Ended
Strange Empire,English,"Drama, Western",7.2,2014-10-06,Ended
Town of the Living Dead,English,,,2014-10-07,Ended
Long Shadow,English,"War, History",,2014-09-24,Ended
The Colbert Report,English,Comedy,7.2,2005-10-17,Ended
Transporter: The Series,English,"Action, Adventure, Crime",7.3,2013-01-04,Ended
The Daily Show with Jon Stewart,English,Comedy,8.0,1999-01-11,Ended
